{
    "Aveiro":{
        "Longitude": 40.6381253900000,
        "Latitude": -8.6478564530000
    },
    "Chaves":{
        "Latitude": 41.744749657864155,
        "Longitude": -7.483052613762696
    },
    "Peniche":{
        "Latitude": 39.36375,
        "Longitude": -9.378778
    }
}

